name,composition,uses,sideEffects,,manufacturer,price,image
Avastin 400mg Injection,Bevacizumab (400mg),Cancer of colon and rectum Non-small cell lung cancer Kidney cancer Brain tumor Ovarian cancer Cervical cancer,Rectal bleeding Taste change Headache Nosebleeds Back pain Dry skin High blood pressure Protein in urine Inflammation of the nose,,Roche Products India Pvt Ltd,22,"https://onemg.gumlet.io/l_watermark_346,w_480,h_480/a_ignore,w_480,h_480,c_fit,q_auto,f_auto/f5a26c491e4d48199ab116a69a969be3.jpg"
Augmentin 625 Duo Tablet,Amoxycillin  (500mg) +  Clavulanic Acid (125mg),Treatment of Bacterial infections,Vomiting Nausea Diarrhea Mucocutaneous candidiasis,,Glaxo SmithKline Pharmaceuticals Ltd,47,"https://onemg.gumlet.io/l_watermark_346,w_480,h_480/a_ignore,w_480,h_480,c_fit,q_auto,f_auto/wy2y9bdipmh6rgkrj0zm.jpg"
Azithral 500 Tablet,Azithromycin (500mg),Treatment of Bacterial infections,Nausea Abdominal pain Diarrhea,,Alembic Pharmaceuticals Ltd,39,"https://onemg.gumlet.io/l_watermark_346,w_480,h_480/a_ignore,w_480,h_480,c_fit,q_auto,f_auto/cropped/kqkouvaqejbyk47dvjfu.jpg"
Ascoril LS Syrup,Ambroxol (30mg/5ml) + Levosalbutamol (1mg/5ml) + Guaifenesin (50mg/5ml),Treatment of Cough with mucus,Nausea Vomiting Diarrhea Upset stomach Stomach pain Allergic reaction Dizziness Headache Rash Hives Tremors Palpitations Muscle cramp Increased heart rate,,Glenmark Pharmaceuticals Ltd,24,"https://onemg.gumlet.io/l_watermark_346,w_480,h_480/a_ignore,w_480,h_480,c_fit,q_auto,f_auto/3205599cc49d4073ae66cbb0dbfded86.jpg"
Aciloc 150 Tablet,Ranitidine (150mg),Treatment of Gastroesophageal reflux disease (Acid reflux)Treatment of Peptic ulcer disease,Headache Diarrhea Gastrointestinal disturbance,,Cadila Pharmaceuticals Ltd,34,"https://onemg.gumlet.io/l_watermark_346,w_480,h_480/a_ignore,w_480,h_480,c_fit,q_auto,f_auto/cropped/pn7apngctvrtweencwi1.jpg"
Allegra 120mg Tablet,Fexofenadine (120mg),Treatment of Sneezing and runny nose due to allergiesTreatment of Allergic conditions,Headache Drowsiness Dizziness Nausea,,Sanofi India Ltd,35,"https://onemg.gumlet.io/l_watermark_346,w_480,h_480/a_ignore,w_480,h_480,c_fit,q_auto,f_auto/fa7427131ec64163b5bbafb529df0736.jpg"
Avil 25 Tablet,Pheniramine (25mg),Treatment of Allergic conditionsTreatment of Respiratory disease with excessive mucusTreatment of Skin conditions with inflammation & itchingTreatment and prevention of Meniere's disease,Sedation,,Sanofi India Ltd,40,"https://onemg.gumlet.io/l_watermark_346,w_480,h_480/a_ignore,w_480,h_480,c_fit,q_auto,f_auto/cropped/mmsye6bf97tkcocat24j.jpg"
Aricep 5 Tablet,Donepezil (5mg),Alzheimer's disease,Common cold Urinary incontinence Rash Nausea Diarrhea Insomnia difficulty in sleeping Weight loss Accidental injury,,Eisai Pharmaceuticals India Pvt Ltd,43,"https://onemg.gumlet.io/l_watermark_346,w_480,h_480/a_ignore,w_480,h_480,c_fit,q_auto,f_auto/d7ojjdaw2gsm5sie1glu.jpg"
Amoxyclav 625 Tablet,Amoxycillin  (500mg) +  Clavulanic Acid (125mg),Treatment of Bacterial infections,Vomiting Nausea Diarrhea Mucocutaneous candidiasis,,Abbott,36,"https://onemg.gumlet.io/l_watermark_346,w_480,h_480/a_ignore,w_480,h_480,c_fit,q_auto,f_auto/acaa6608e016456f9cafcca2156ad3de.jpg"
Atarax 25mg Tablet,Hydroxyzine (25mg),Treatment of AnxietyTreatment of Skin conditions with inflammation & itching,Sedation Nausea Vomiting Upset stomach Constipation,,Dr Reddy's Laboratories Ltd,35,"https://onemg.gumlet.io/l_watermark_346,w_480,h_480/a_ignore,w_480,h_480,c_fit,q_auto,f_auto/cropped/v9py58kciridvbi7bqls.jpg"
Azee 500 Tablet,Azithromycin (500mg),Treatment of Bacterial infections,Nausea Abdominal pain Diarrhea,,Cipla Ltd,37,"https://onemg.gumlet.io/l_watermark_346,w_480,h_480/a_ignore,w_480,h_480,c_fit,q_auto,f_auto/cropped/jbpnjvst3ph0xnrq199o.jpg"
Anovate Cream,Phenylephrine (0.10% w/w) + Beclometasone (0.025% w/w) + Lidocaine (2.50% w/w),Treatment of Piles,Application site reactions burning irritation itching and redness,,USV Ltd,26,"https://onemg.gumlet.io/l_watermark_346,w_480,h_480/a_ignore,w_480,h_480,c_fit,q_auto,f_auto/cropped/gnsem6ircqxmwmjkprkw.jpg"
Allegra-M Tablet,Montelukast (10mg) + Fexofenadine (120mg),Treatment of Sneezing and runny nose due to allergies,Nausea Diarrhea Vomiting Skin rash Flu like symptoms Headache Drowsiness Dizziness,,Sanofi India Ltd,38,"https://onemg.gumlet.io/l_watermark_346,w_480,h_480/a_ignore,w_480,h_480,c_fit,q_auto,f_auto/cropped/eh4vt8l9fuo4nvx3qwif.jpg"
Ascoril D Plus Syrup Sugar Free,Phenylephrine (5mg) + Chlorpheniramine Maleate (2mg) + Dextromethorphan Hydrobromide (10mg),Treatment of Dry cough,Nausea Vomiting Loss of appetite Headache,,Glenmark Pharmaceuticals Ltd,31,"https://onemg.gumlet.io/l_watermark_346,w_480,h_480/a_ignore,w_480,h_480,c_fit,q_auto,f_auto/9fe5ed4f4fce4eaea6588d2ce60115ec.jpg"
Alex Syrup,Phenylephrine (5mg/5ml) + Chlorpheniramine Maleate (2mg/5ml) + Dextromethorphan Hydrobromide (10mg/5ml),Treatment of Dry cough,Nausea Vomiting Loss of appetite Headache,,Glenmark Pharmaceuticals Ltd,26,"https://onemg.gumlet.io/l_watermark_346,w_480,h_480/a_ignore,w_480,h_480,c_fit,q_auto,f_auto/mqdfwomjrjv3lvlq08ae.jpg"
Armotraz Tablet,Anastrozole (1mg),Breast cancer,Hot flashes Nausea Osteoporosis Skin rash Weakness,,Cipla Ltd,48,"https://onemg.gumlet.io/l_watermark_346,w_480,h_480/a_ignore,w_480,h_480,c_fit,q_auto,f_auto/cropped/sytnbc3dtkhxddk5smxs.jpg"
Augmentin Duo Oral Suspension,Amoxycillin  (200mg) +  Clavulanic Acid (28.5mg),Treatment of Resistance Tuberculosis (TB)Treatment of Bacterial infections,Abdominal pain Allergy Vomiting Nausea Diarrhea Mucocutaneous candidiasis,,Glaxo SmithKline Pharmaceuticals Ltd,40,"https://onemg.gumlet.io/l_watermark_346,w_480,h_480/a_ignore,w_480,h_480,c_fit,q_auto,f_auto/cropped/hg4gkjmjrg9956tqtmoz.jpg"
Albendazole 400mg Tablet,Albendazole (400mg),Treatment of Parasitic infections,Vomiting Dizziness Increased liver enzymes Nausea Loss of appetite,,Cadila Pharmaceuticals Ltd,42,"https://onemg.gumlet.io/l_watermark_346,w_480,h_480/a_ignore,w_480,h_480,c_fit,q_auto,f_auto/c3f704ec89504863915d4433a19d0014.jpg"
Arkamin Tablet,Clonidine (100mcg),Treatment of Hypertension (high blood pressure),Dryness in mouth Fatigue Dizziness Headache Nausea Sleepiness Insomnia difficulty in sleeping,,Torrent Pharmaceuticals Ltd,33,"https://onemg.gumlet.io/l_watermark_346,w_480,h_480/a_ignore,w_480,h_480,c_fit,q_auto,f_auto/cropped/kvdgswy8eyzkwmulwlyf.jpg"
Allegra 180mg Tablet,Fexofenadine (180mg),Treatment of Sneezing and runny nose due to allergiesTreatment of Allergic conditions,Headache Drowsiness Dizziness Nausea,,Sanofi India Ltd,38,"https://onemg.gumlet.io/l_watermark_346,w_480,h_480/a_ignore,w_480,h_480,c_fit,q_auto,f_auto/6103f02e6df148fda2a8fd6e87008179.jpg"
Altraday Capsule SR,Aceclofenac (200mg) + Rabeprazole (20mg),Pain relief,Nausea Flatulence Indigestion Diarrhea Constipation,,Sun Pharmaceutical Industries Ltd,32,"https://onemg.gumlet.io/l_watermark_346,w_480,h_480/a_ignore,w_480,h_480,c_fit,q_auto,f_auto/cropped/ahmbxmi2bd1wiojpxqld.jpg"
Atarax 10mg Tablet,Hydroxyzine (10mg),Treatment of AnxietyTreatment of Skin conditions with inflammation & itching,Sedation Nausea Vomiting Upset stomach Constipation,,Dr Reddy's Laboratories Ltd,29,"https://onemg.gumlet.io/l_watermark_346,w_480,h_480/a_ignore,w_480,h_480,c_fit,q_auto,f_auto/78d80a6bca96417f83c6d38c5c140c0b.jpg"
Aldigesic-SP Tablet,Aceclofenac (100mg) + Paracetamol (325mg) + Serratiopeptidase (10mg),Pain relief,Nausea Vomiting Stomach pain Indigestion Heartburn Loss of appetite Diarrhea,,Alkem Laboratories Ltd,24,"https://onemg.gumlet.io/l_watermark_346,w_480,h_480/a_ignore,w_480,h_480,c_fit,q_auto,f_auto/86cc6259fcc8462f876cdeb85d9aa87d.jpg"
Aldactone Tablet,Spironolactone (25mg),Hypertension (high blood pressure) Edema Low potassium Heart failure,Nausea Vomiting Leg cramps Dizziness Drowsiness Confusion Breast enlargement in male Increased creatinine level in blood,,RPG Life Sciences Ltd,27,"https://onemg.gumlet.io/l_watermark_346,w_480,h_480/a_ignore,w_480,h_480,c_fit,q_auto,f_auto/cropped/thkgrdicoq6adxgpwu2e.jpg"
Aricep 10 Tablet,Donepezil (10mg),Alzheimer's disease,Common cold Urinary incontinence Rash Nausea Diarrhea Insomnia difficulty in sleeping Weight loss Accidental injury,,Eisai Pharmaceuticals India Pvt Ltd,0,"https://onemg.gumlet.io/l_watermark_346,w_480,h_480/a_ignore,w_480,h_480,c_fit,q_auto,f_auto/fgnxl4znhmpzu2r0mals.jpg"
Aricep-M  Tablet,Donepezil (5mg) + Memantine (5mg),Alzheimer's disease,Nausea Vomiting Loss of appetite Diarrhea Headache Dizziness Bleeding under the skin,,Eisai Pharmaceuticals India Pvt Ltd,17,"https://onemg.gumlet.io/l_watermark_346,w_480,h_480/a_ignore,w_480,h_480,c_fit,q_auto,f_auto/a458dc3089a64183962fe107b20f3481.jpg"
Andre I-Kul Eye Drop,Camphor (0.01% w/v) + Menthol (0.005% w/v) + Naphazoline (0.05% w/v) + Phenylephrine (0.12% w/v),Treatment of Allergic eye disease,Eye pain Eye irritation Stinging in the eyes Blurred vision Photophobia,,Intas Pharmaceuticals Ltd,54,"https://onemg.gumlet.io/l_watermark_346,w_480,h_480/a_ignore,w_480,h_480,c_fit,q_auto,f_auto/0d82813d035349cea0c99da3fd52469d.jpg"
Anafortan 25 mg/300 mg Tablet,Camylofin (25mg) + Paracetamol (300mg),Treatment of Abdominal pain,Dryness in mouth Constipation Blurred vision Increased heart rate,,Abbott,42,"https://onemg.gumlet.io/l_watermark_346,w_480,h_480/a_ignore,w_480,h_480,c_fit,q_auto,f_auto/4424607f37424d51b2aac2c9d8b18ecd.jpg"
Atarax Syrup,Hydroxyzine (10mg),Treatment of AnxietyTreatment of Skin conditions with inflammation & itching,Sedation Nausea Vomiting Upset stomach Constipation,,Dr Reddy's Laboratories Ltd,23,"https://onemg.gumlet.io/l_watermark_346,w_480,h_480/a_ignore,w_480,h_480,c_fit,q_auto,f_auto/cropped/ktaklgpxpq94qk1tfffg.jpg"
Ambrodil-S Syrup,Ambroxol (15mg/5ml) + Salbutamol (1mg/5ml),Treatment of Cough,Headache Palpitations Upset stomach Tremors Muscle cramp Allergic reaction Increased heart rate,,Aristo Pharmaceuticals Pvt Ltd,30,"https://onemg.gumlet.io/l_watermark_346,w_480,h_480/a_ignore,w_480,h_480,c_fit,q_auto,f_auto/c25660f6b3f2447ea4666a0780982a3f.jpg"
Asthakind-DX Syrup Sugar Free,Phenylephrine (5mg/5ml) + Chlorpheniramine Maleate (2mg/5ml) + Dextromethorphan Hydrobromide (15mg/5ml),Treatment of Dry cough,Nausea Vomiting Loss of appetite Headache,,Mankind Pharma Ltd,23,"https://onemg.gumlet.io/l_watermark_346,w_480,h_480/a_ignore,w_480,h_480,c_fit,q_auto,f_auto/769827d9bf334847a74374b4af97921a.jpg"
Aceclo Plus Tablet,Aceclofenac (100mg) + Paracetamol (325mg),Pain relief,Nausea Vomiting Stomach pain epigastric pain Loss of appetite Heartburn Diarrhea,,Aristo Pharmaceuticals Pvt Ltd,40,"https://onemg.gumlet.io/l_watermark_346,w_480,h_480/a_ignore,w_480,h_480,c_fit,q_auto,f_auto/cropped/qdjkuq9eipidsadmcosn.jpg"
Althrocin 500 Tablet,Erythromycin (500mg),Treatment of Bacterial infections,Vomiting Nausea Abdominal pain Diarrhea,,Alembic Pharmaceuticals Ltd,30,"https://onemg.gumlet.io/l_watermark_346,w_480,h_480/a_ignore,w_480,h_480,c_fit,q_auto,f_auto/cropped/suqhdntiejebthfbdpy0.jpg"
Asthalin Syrup,Salbutamol (2mg/5ml),Treatment of Chronic obstructive pulmonary disease (COPD)Treatment and prevention of Asthma,Tremors Headache Palpitations Increased heart rate Muscle cramp Nervousness,,Cipla Ltd,30,"https://onemg.gumlet.io/l_watermark_346,w_480,h_480/a_ignore,w_480,h_480,c_fit,q_auto,f_auto/45fbf90154794c7dae0630d5c201f368.jpg"
Axcer  90mg Tablet,Ticagrelor (90mg),Prevention of heart attack and stroke,Bleeding Breathlessness,,Sun Pharmaceutical Industries Ltd,43,"https://onemg.gumlet.io/l_watermark_346,w_480,h_480/a_ignore,w_480,h_480,c_fit,q_auto,f_auto/6c8ab4b43c254532b37e035eaf3f931c.jpg"
Arachitol 6L Injection,Vitamin D3 (600000IU),Treatment of Vitamin D deficiencyTreatment of Osteoporosis,Injection site reactions pain swelling redness Weakness Muscle pain Metallic taste,,Abbott,25,"https://onemg.gumlet.io/l_watermark_346,w_480,h_480/a_ignore,w_480,h_480,c_fit,q_auto,f_auto/485c7b62664a44fd984080ee0ee15906.jpg"
Alfoo 10mg Tablet PR,Alfuzosin (10mg),Treatment of Benign prostatic hyperplasia,Upper respiratory tract infection Dizziness Headache Nausea Abdominal pain Impotence,,Dr Reddy's Laboratories Ltd,27,"https://onemg.gumlet.io/l_watermark_346,w_480,h_480/a_ignore,w_480,h_480,c_fit,q_auto,f_auto/cropped/a34pbmqti99hu1y1zz5r.jpg"
Azithral 200 Liquid,Azithromycin (200mg/5ml),Treatment of Bacterial infections,Nausea Abdominal pain Diarrhea,,Alembic Pharmaceuticals Ltd,32,"https://onemg.gumlet.io/l_watermark_346,w_480,h_480/a_ignore,w_480,h_480,c_fit,q_auto,f_auto/cropped/mbdxk2kboh3llijyaao2.jpg"
Acemiz Plus Tablet,Aceclofenac (100mg) + Paracetamol (325mg),Pain relief,Nausea Vomiting Stomach pain epigastric pain Loss of appetite Heartburn Diarrhea,,Lupin Ltd,35,"https://onemg.gumlet.io/l_watermark_346,w_480,h_480/a_ignore,w_480,h_480,c_fit,q_auto,f_auto/m7bioz7rvmxcfshqu3iz.jpg"
Allegra Suspension Raspberry &amp; Vanilla,Fexofenadine (30mg/5ml),Treatment of Sneezing and runny nose due to allergiesTreatment of Allergic conditions,Headache Drowsiness Dizziness Nausea,,Sanofi India Ltd,28,"https://onemg.gumlet.io/l_watermark_346,w_480,h_480/a_ignore,w_480,h_480,c_fit,q_auto,f_auto/9ddf89aa480145c6830f45e48626336d.jpg"
Alex Junior Syrup,Chlorpheniramine Maleate (2mg/5ml) + Dextromethorphan Hydrobromide (5mg/5ml),Treatment of Dry cough,Upset stomach Sleepiness,,Glenmark Pharmaceuticals Ltd,21,"https://onemg.gumlet.io/l_watermark_346,w_480,h_480/a_ignore,w_480,h_480,c_fit,q_auto,f_auto/cropped/ljalzjzxyy64yutmr3tw.jpg"
Azicip 500 Tablet,Azithromycin (500mg),Treatment of Bacterial infections,Nausea Abdominal pain Diarrhea,,Cipla Ltd,29,"https://onemg.gumlet.io/l_watermark_346,w_480,h_480/a_ignore,w_480,h_480,c_fit,q_auto,f_auto/dwqhqfos0hlzsltrwraf.jpg"
Avil Injection,Pheniramine (22.75mg),Treatment of Allergic conditionsTreatment of Respiratory disease with excessive mucusTreatment of Skin conditions with inflammation & itchingTreatment and prevention of Meniere's disease,Sedation,,Sanofi India Ltd,42,"https://onemg.gumlet.io/l_watermark_346,w_480,h_480/a_ignore,w_480,h_480,c_fit,q_auto,f_auto/cropped/n2al1qoxuxtzshwgwbt0.jpg"
Aquasol A Capsule,Vitamin A (25000IU),Treatment of Vitamin A deficiency,No common side effects seen,,USV Ltd,29,"https://onemg.gumlet.io/l_watermark_346,w_480,h_480/a_ignore,w_480,h_480,c_fit,q_auto,f_auto/cropped/mytnmvyspijambekkody.jpg"
Anobliss Cream,Lidocaine (1.5% w/w) + Nifedipine (0.3% w/w),Treatment of Anal fissure,Anal irritation,,Samarth Life Sciences Pvt Ltd,31,"https://onemg.gumlet.io/l_watermark_346,w_480,h_480/a_ignore,w_480,h_480,c_fit,q_auto,f_auto/612a8de029ee416ab320d109d19d2293.jpg"
Augmentin DDS Suspension,Amoxycillin  (400mg/5ml) +  Clavulanic Acid (57mg/5ml),Treatment of Resistant Tuberculosis (TB)Treatment of Bacterial infections,Abdominal pain Allergy Vomiting Nausea Diarrhea Mucocutaneous candidiasis,,Glaxo SmithKline Pharmaceuticals Ltd,46,"https://onemg.gumlet.io/l_watermark_346,w_480,h_480/a_ignore,w_480,h_480,c_fit,q_auto,f_auto/cropped/kafbzrabyoihauyvnig4.jpg"
Almox 500 Capsule,Amoxycillin (500mg),Treatment of Bacterial infections,Nausea Diarrhea Skin rash Vomiting,,Alkem Laboratories Ltd,32,"https://onemg.gumlet.io/l_watermark_346,w_480,h_480/a_ignore,w_480,h_480,c_fit,q_auto,f_auto/h4y2f030gju0ftmou0t5.jpg"
AF Kit Tablet,Azithromycin (1000mg) + Ornidazole (750mg) + Fluconazole (150mg),Treatment of Syndromic treatment of vaginal discharge,Taste change Vomiting Headache Dizziness Stomach pain Nausea Indigestion Diarrhea Loss of appetite,,Systopic Laboratories Pvt Ltd,29,"https://onemg.gumlet.io/l_watermark_346,w_480,h_480/a_ignore,w_480,h_480,c_fit,q_auto,f_auto/cropped/hfobjftgqrervreplh6u.jpg"
Ascoril LS Junior Syrup,Ambroxol (15mg/5ml) + Levosalbutamol (0.5mg/5ml) + Guaifenesin (50mg/5ml),Treatment of Cough with mucus,Nausea Vomiting Diarrhea Upset stomach Stomach pain Allergic reaction Dizziness Headache Rash Hives Tremors Palpitations Muscle cramp Increased heart rate,,Glenmark Pharmaceuticals Ltd,22,"https://onemg.gumlet.io/l_watermark_346,w_480,h_480/a_ignore,w_480,h_480,c_fit,q_auto,f_auto/cropped/r22ftufqfbkaxevlo6wn.jpg"
Asthalin 100mcg Inhaler,Salbutamol (100mcg),Treatment of Chronic obstructive pulmonary disease (COPD)Treatment and prevention of Asthma,Tremors Headache Palpitations Increased heart rate Muscle cramp Respiratory tract inflammation Respiratory tract infection Cough,,Cipla Ltd,40,"https://onemg.gumlet.io/l_watermark_346,w_480,h_480/a_ignore,w_480,h_480,c_fit,q_auto,f_auto/9117d15a82fc4d41889e083e295d7de9.jpg"
Aptimust Syrup,Cyproheptadine (2mg/5ml) + Tricholine Citrate (275mg/5ml) + Sorbitol (2gm/5ml),Appetite stimulant,Constipation Dryness in mouth Drowsiness Sleepiness Blurred vision,,Mankind Pharma Ltd,35,"https://onemg.gumlet.io/l_watermark_346,w_480,h_480/a_ignore,w_480,h_480,c_fit,q_auto,f_auto/cropped/uhilkoau5xmywwkw1ekx.jpg"
AB Phylline Capsule,Acebrophylline (100mg),Treatment of AsthmaTreatment of BronchitisTreatment of Chronic obstructive pulmonary disease (COPD),Vomiting Abdominal pain Drowsiness Heartburn Increased white blood cell count Loss of appetite Rash Itching Constipation Diarrhea Abdominal discomfort Abdominal distension Esophageal bleeding Red spots or bumps Breathing problems High white blood cell count Nasal inflammation,,Sun Pharmaceutical Industries Ltd,29,"https://onemg.gumlet.io/l_watermark_346,w_480,h_480/a_ignore,w_480,h_480,c_fit,q_auto,f_auto/cropped/pydoe2cjed0vjf2or3kk.jpg"
Azee 200mg Dry Syrup,Azithromycin (200mg/5ml),Treatment of Bacterial infections,Nausea Abdominal pain Diarrhea,,Cipla Ltd,51,"https://onemg.gumlet.io/l_watermark_346,w_480,h_480/a_ignore,w_480,h_480,c_fit,q_auto,f_auto/cropped/xkg1pweump6uhajxdn7y.jpg"
Adaferin Gel,Adapalene (0.1% w/w),Acne,Erythema skin redness Dry skin Skin peeling Skin burn Itching,,Galderma India Pvt Ltd,25,"https://onemg.gumlet.io/l_watermark_346,w_480,h_480/a_ignore,w_480,h_480,c_fit,q_auto,f_auto/cropped/c4fqrcdtmux6sdv8lq4o.jpg"
Amitone 10mg Tablet,Amitriptyline (10mg),Treatment of Depression Neuropathic painTreatment of Migraine,Constipation Dryness in mouth Orthostatic hypotension sudden lowering of blood pressure on standing Weight gain Aggressive behavior Nasal congestion stuffy nose Sleepiness Dizziness Headache Decreased libido Nausea Fatigue Confusion Tremors Speech disorder Palpitations Taste change Paresthesia tingling or pricking sensation Abnormality of voluntary movements Loss of accommodation Atrioventricular block Micturition disorders Erectile dysfunction Abnormal E C G Decreased sodium level in blood,,Intas Pharmaceuticals Ltd,36,"https://onemg.gumlet.io/l_watermark_346,w_480,h_480/a_ignore,w_480,h_480,c_fit,q_auto,f_auto/ffddf4528375471cb02d465b546f4697.jpg"
Ambrodil Syrup,Ambroxol (30mg/5ml),Treatment of Respiratory tract disorders associated with viscid mucus,Vomiting Nausea Upset stomach,,Aristo Pharmaceuticals Pvt Ltd,19,"https://onemg.gumlet.io/l_watermark_346,w_480,h_480/a_ignore,w_480,h_480,c_fit,q_auto,f_auto/cropped/qwyph0ryjvrnimzm98tq.jpg"
AB-Flo-N Tablet,Acebrophylline (100mg) + Acetylcysteine (600mg),Treatment of Chronic obstructive pulmonary disease (COPD),Vomiting Heartburn Stomach pain Upset stomach Rash Hives Itching Breathing problems Nasal inflammation Increased white blood cell count,,Lupin Ltd,43,"https://onemg.gumlet.io/l_watermark_346,w_480,h_480/a_ignore,w_480,h_480,c_fit,q_auto,f_auto/cropped/lwfoqt9iygk2n0rkyhql.jpg"
Ascoril LS Drops,Ambroxol (7.5mg/ml) + Levosalbutamol (0.25mg/ml) + Guaifenesin (12.5mg/ml),Acute Sore throatTreatment of Cough with mucus,Vomiting Diarrhea Excessive salivation Fatigue Headache Dizziness Rash Numbness of extremity Nausea Increased heart rate Stomach discomfort Palpitations Tremors Muscle cramp,,Glenmark Pharmaceuticals Ltd,16,"https://onemg.gumlet.io/l_watermark_346,w_480,h_480/a_ignore,w_480,h_480,c_fit,q_auto,f_auto/cropped/jv6sexgkqc9bkfwhxnbv.jpg"
Alex Cough Lozenges Lemon Ginger,Dextromethorphan Hydrobromide (5mg),Dry cough,Sleepiness Dizziness Confusion Nausea,,Glenmark Pharmaceuticals Ltd,15,"https://onemg.gumlet.io/l_watermark_346,w_480,h_480/a_ignore,w_480,h_480,c_fit,q_auto,f_auto/cropped/ly4rp256e6sytjaxz8ht.jpg"
Atorva 40 Tablet,Atorvastatin (40mg),High cholesterolPrevention of Heart attack,Dyspepsia Abdominal pain Indigestion Diarrhea Joint pain Nasopharyngitis inflammation of the throat and nasal passages Nausea Pain in extremities Urinary tract infection Abnormal liver function tests,,Zydus Cadila,56,"https://onemg.gumlet.io/l_watermark_346,w_480,h_480/a_ignore,w_480,h_480,c_fit,q_auto,f_auto/1fa02b0711dc4f91a367fdd438cb6e98.jpg"
Aziderm 20% Cream,Azelaic Acid (20% w/w),Treatment of Acne,Application site reactions burning irritation itching and redness,,Micro Labs Ltd,22,"https://onemg.gumlet.io/l_watermark_346,w_480,h_480/a_ignore,w_480,h_480,c_fit,q_auto,f_auto/20a65251c88c460bb990c015f7ed0dea.jpg"
Ascoril D Junior Cough Syrup,Phenylephrine (5mg/5ml) + Chlorpheniramine Maleate (2mg/5ml) + Dextromethorphan Hydrobromide (10mg/5ml),Treatment of Dry cough,Nausea Vomiting Loss of appetite Headache,,Glenmark Pharmaceuticals Ltd,37,"https://onemg.gumlet.io/l_watermark_346,w_480,h_480/a_ignore,w_480,h_480,c_fit,q_auto,f_auto/cropped/atnpfu2zkydv86zn8yne.jpg"
Acogut Tablet,Acotiamide (100mg),Treatment of Functional dyspepsia,Headache Diarrhea,,Lupin Ltd,17,"https://onemg.gumlet.io/l_watermark_346,w_480,h_480/a_ignore,w_480,h_480,c_fit,q_auto,f_auto/346a811d314244c892a10b9426058a16.jpg"
Augmentin 1000 Duo Tablet,Amoxycillin  (875mg) +  Clavulanic Acid (125mg),Treatment of Bacterial infections,Vomiting Nausea Diarrhea Mucocutaneous candidiasis,,Glaxo SmithKline Pharmaceuticals Ltd,30,"https://onemg.gumlet.io/l_watermark_346,w_480,h_480/a_ignore,w_480,h_480,c_fit,q_auto,f_auto/cropped/n79pqwzyup7ax2zy3ra3.jpg"
Ano Metrogyl Cream,Lidocaine (4% w/w) + Metronidazole (1% w/w) + Sucralfate (7% w/w),Treatment of Anal fissure,Burning sensation Tingling Rash,,Lekar Pharma Ltd,37,"https://onemg.gumlet.io/l_watermark_346,w_480,h_480/a_ignore,w_480,h_480,c_fit,q_auto,f_auto/cropped/wysekhb41x9l4gs2e4lq.jpg"
Angispan - TR 2.5mg Capsule,Nitroglycerin (2.5mg),Treatment of Angina (heart-related chest pain),Blurred vision Decreased blood pressure Dizziness Headache Increased heart rate Lightheadedness Paresthesia tingling or pricking sensation,,USV Ltd,36,"https://onemg.gumlet.io/l_watermark_346,w_480,h_480/a_ignore,w_480,h_480,c_fit,q_auto,f_auto/6c48a874d84443f5bf6df270f1faf50d.jpg"
Apdrops Eye Drop,Moxifloxacin (0.5% w/v),Treatment of Bacterial eye infections,Eye discomfort Dry eye Burning sensation in eye,,Ajanta Pharma Ltd,33,"https://onemg.gumlet.io/l_watermark_346,w_480,h_480/a_ignore,w_480,h_480,c_fit,q_auto,f_auto/b6323f9cbdda4899973d8778998fd4d0.jpg"
Acivir 400 DT Tablet,Acyclovir (400mg),Herpes Simplex Virus Infections Chickenpox Herpes labialis Shingles Genital herpes infection,Headache Dizziness Vomiting Nausea Fatigue Fever Stomach pain Diarrhea Skin rash Photophobia,,Cipla Ltd,29,"https://onemg.gumlet.io/l_watermark_346,w_480,h_480/a_ignore,w_480,h_480,c_fit,q_auto,f_auto/cropped/t8e7gul8px0js0dzcdwf.jpg"
Acivir Cream,Acyclovir (5% w/w),Herpes labialis,Application site reactions burning irritation itching and redness,,Cipla Ltd,25,"https://onemg.gumlet.io/l_watermark_346,w_480,h_480/a_ignore,w_480,h_480,c_fit,q_auto,f_auto/cropped/qzqcndnceiecvuc8lkta.jpg"
Avil Injection,Pheniramine (22.75mg),Treatment of Allergic conditionsTreatment of Respiratory disease with excessive mucusTreatment of Skin conditions with inflammation & itchingTreatment and prevention of Meniere's disease,Sedation,,Sanofi India Ltd,45,"https://onemg.gumlet.io/l_watermark_346,w_480,h_480/a_ignore,w_480,h_480,c_fit,q_auto,f_auto/e17dda31de1747358229a8ff89c60eb2.jpg"
Azee 250 Tablet,Azithromycin (250mg),Treatment of Bacterial infections,Nausea Abdominal pain Diarrhea,,Cipla Ltd,49,"https://onemg.gumlet.io/l_watermark_346,w_480,h_480/a_ignore,w_480,h_480,c_fit,q_auto,f_auto/uxoomhircghogsijuyuf.jpg"
Aldigesic P 100mg/325mg Tablet,Aceclofenac (100mg) + Paracetamol (325mg),Pain relief,Nausea Vomiting Stomach pain epigastric pain Loss of appetite Heartburn Diarrhea,,Alkem Laboratories Ltd,30,"https://onemg.gumlet.io/l_watermark_346,w_480,h_480/a_ignore,w_480,h_480,c_fit,q_auto,f_auto/fef09c2f7cca4f778b510943b0d0a8c9.jpg"
Acitrom 2 Tablet,Acenocoumarol (2mg),Treatment and prevention of Blood clots,Hemorrhage,,Abbott,38,"https://onemg.gumlet.io/l_watermark_346,w_480,h_480/a_ignore,w_480,h_480,c_fit,q_auto,f_auto/cropped/uo9v3rybrau5xkqzscnb.jpg"
Alerid Syrup,Cetirizine (5mg/5ml),Treatment of Allergic conditions,Nausea Muscle pain Edema swelling Sleepiness Fatigue Vomiting Dryness in mouth Headache Constipation,,Cipla Ltd,38,"https://onemg.gumlet.io/l_watermark_346,w_480,h_480/a_ignore,w_480,h_480,c_fit,q_auto,f_auto/cropped/dsv803hfrd1pxyfcqw66.jpg"
Atorva Tablet,Atorvastatin (10mg),High cholesterolPrevention of Heart attack,Dyspepsia Abdominal pain Indigestion Diarrhea Joint pain Nasopharyngitis inflammation of the throat and nasal passages Nausea Pain in extremities Urinary tract infection Abnormal liver function tests,,Zydus Cadila,38,"https://onemg.gumlet.io/l_watermark_346,w_480,h_480/a_ignore,w_480,h_480,c_fit,q_auto,f_auto/f5888caa9086409c9a1bde789bbb9761.jpg"
Azax 500 Tablet,Azithromycin (500mg),Treatment of Bacterial infections,Nausea Abdominal pain Diarrhea,,Sun Pharmaceutical Industries Ltd,29,"https://onemg.gumlet.io/l_watermark_346,w_480,h_480/a_ignore,w_480,h_480,c_fit,q_auto,f_auto/a0767b125b584ef6996af0687504a948.jpg"
Aztor 10 Tablet,Atorvastatin (10mg),High cholesterolPrevention of Heart attack,Dyspepsia Abdominal pain Indigestion Diarrhea Joint pain Nasopharyngitis inflammation of the throat and nasal passages Nausea Pain in extremities Urinary tract infection Abnormal liver function tests,,Sun Pharmaceutical Industries Ltd,29,"https://onemg.gumlet.io/l_watermark_346,w_480,h_480/a_ignore,w_480,h_480,c_fit,q_auto,f_auto/cropped/butfijqwslbzkav0x5yl.jpg"
Alciflox D Eye/Ear Drops,Ciprofloxacin (0.3% w/v) + Dexamethasone (0.1% w/v),Treatment of Bacterial eye / ear infectionsTreatment of Eye infection with inflammation,Application site reactions burning irritation itching and redness Eye discomfort Corneal deposits Ocular hyperemia Taste change Ear discomfort Ear pain,,Alkem Laboratories Ltd,67,"https://onemg.gumlet.io/l_watermark_346,w_480,h_480/a_ignore,w_480,h_480,c_fit,q_auto,f_auto/5e1e2a758d6d463b9ae475a504499290.jpg"
Amifru 40 Tablet,Furosemide (40mg) + Amiloride (5mg),Treatment of Edema,Nausea Vomiting Diarrhea Weakness Headache Dehydration Muscle cramp Decreased sodium level in blood Decreased magnesium level in blood Decreased calcium level in blood Increased blood uric acid,,Torrent Pharmaceuticals Ltd,40,"https://onemg.gumlet.io/l_watermark_346,w_480,h_480/a_ignore,w_480,h_480,c_fit,q_auto,f_auto/cropped/rwb8srqgdnglciceymku.jpg"
Aciloc 300 Tablet,Ranitidine (300mg),Treatment of Gastroesophageal reflux disease (Acid reflux)Treatment of Peptic ulcer disease,Headache Diarrhea Gastrointestinal disturbance,,Cadila Pharmaceuticals Ltd,34,"https://onemg.gumlet.io/l_watermark_346,w_480,h_480/a_ignore,w_480,h_480,c_fit,q_auto,f_auto/cropped/iqhejxn4cms6fic8kgqm.jpg"
Augmentin 1.2gm Injection,Amoxycillin  (1000mg) +  Clavulanic Acid (200mg),Treatment of Bacterial infections,Vomiting Nausea Diarrhea Mucocutaneous candidiasis,,Glaxo SmithKline Pharmaceuticals Ltd,53,"https://onemg.gumlet.io/l_watermark_346,w_480,h_480/a_ignore,w_480,h_480,c_fit,q_auto,f_auto/cropped/hdcim1c3hbl8tseavocx.jpg"
Asthakind Expectorant Sugar Free,Guaifenesin (50mg) + Terbutaline (1.25mg) + Bromhexine (2mg),Treatment of Cough with mucus,Nausea Diarrhea Bloating Indigestion Vomiting Stomach pain Sweating Dizziness Headache Skin rash Hives Tremors Increased heart rate,,Mankind Pharma Ltd,19,"https://onemg.gumlet.io/l_watermark_346,w_480,h_480/a_ignore,w_480,h_480,c_fit,q_auto,f_auto/b886acf9c302423a89ba9d4b7016e06c.jpg"
Atorva 20 Tablet,Atorvastatin (20mg),High cholesterolPrevention of Heart attack,Dyspepsia Abdominal pain Indigestion Diarrhea Joint pain Nasopharyngitis inflammation of the throat and nasal passages Nausea Pain in extremities Urinary tract infection Abnormal liver function tests,,Zydus Cadila,56,"https://onemg.gumlet.io/l_watermark_346,w_480,h_480/a_ignore,w_480,h_480,c_fit,q_auto,f_auto/a26355cfe6894c65b3084e81ac816df6.jpg"
AB Phylline SR 200 Tablet,Acebrophylline (200mg),Treatment of AsthmaTreatment of BronchitisTreatment of Chronic obstructive pulmonary disease (COPD),Vomiting Abdominal pain Drowsiness Heartburn Increased white blood cell count Loss of appetite Rash Itching Constipation Diarrhea Abdominal discomfort Abdominal distension Esophageal bleeding Red spots or bumps Breathing problems High white blood cell count Nasal inflammation,,Sun Pharmaceutical Industries Ltd,27,"https://onemg.gumlet.io/l_watermark_346,w_480,h_480/a_ignore,w_480,h_480,c_fit,q_auto,f_auto/cropped/h1gxe261svzejqxhozwo.jpg"
Aricep-M  Forte Tablet,Donepezil (5mg) + Memantine (10mg),Alzheimer's disease,Nausea Vomiting Loss of appetite Diarrhea Headache Dizziness Bleeding under the skin,,Eisai Pharmaceuticals India Pvt Ltd,22,"https://onemg.gumlet.io/l_watermark_346,w_480,h_480/a_ignore,w_480,h_480,c_fit,q_auto,f_auto/cropped/a44e0vn4ts0y4nco6x1f.jpg"
Amaryl 1mg Tablet,Glimepiride (1mg),Treatment of Type 2 diabetes mellitus,Hypoglycemia low blood glucose level Headache Nausea Dizziness Weakness,,Sanofi India Ltd,36,"https://onemg.gumlet.io/l_watermark_346,w_480,h_480/a_ignore,w_480,h_480,c_fit,q_auto,f_auto/cropped/xz5q9xefnf4qurvkdyss.jpg"
Add Tears Lubricant Eye Drop,Carboxymethylcellulose (0.5% w/v),Treatment of Dry eyes,Eye irritation Burning eyes Eye discomfort Eye itching Eye pain,,Cipla Ltd,38,"https://onemg.gumlet.io/l_watermark_346,w_480,h_480/a_ignore,w_480,h_480,c_fit,q_auto,f_auto/cropped/gb6vecck2cb2zlq4ibgj.jpg"
Aceclo-MR Tablet,Aceclofenac (100mg) + Paracetamol (325mg) + Chlorzoxazone (500mg),Treatment of Muscular pain,Nausea Vomiting Heartburn Stomach pain Diarrhea Loss of appetite Tiredness Sleepiness,,Aristo Pharmaceuticals Pvt Ltd,32,"https://onemg.gumlet.io/l_watermark_346,w_480,h_480/a_ignore,w_480,h_480,c_fit,q_auto,f_auto/cropped/t0ulcqbfllk7yqmqvkzt.jpg"
Atarax Drops,Hydroxyzine (6mg),Treatment of AnxietyTreatment of Skin conditions with inflammation & itching,Sedation Nausea Vomiting Upset stomach Constipation,,Dr Reddy's Laboratories Ltd,45,"https://onemg.gumlet.io/l_watermark_346,w_480,h_480/a_ignore,w_480,h_480,c_fit,q_auto,f_auto/cropped/kqchtk16aexafswoznxh.jpg"
Ambrodil-LX Syrup,Ambroxol (30mg/5ml) + Levosalbutamol (1mg/5ml) + Guaifenesin (50mg/5ml),Treatment of Cough with mucus,Nausea Vomiting Diarrhea Upset stomach Stomach pain Allergic reaction Dizziness Headache Rash Hives Tremors Palpitations Muscle cramp Increased heart rate,,Aristo Pharmaceuticals Pvt Ltd,26,"https://onemg.gumlet.io/l_watermark_346,w_480,h_480/a_ignore,w_480,h_480,c_fit,q_auto,f_auto/cropped/vvkfwgws2p2al9jwdidw.jpg"
Asthakind-LS Expectorant Cola Sugar Free,Ambroxol (30mg/5ml) + Levosalbutamol (1mg/5ml) + Guaifenesin (50mg/5ml),Treatment of Cough with mucus,Nausea Vomiting Diarrhea Upset stomach Stomach pain Allergic reaction Dizziness Headache Rash Hives Tremors Palpitations Muscle cramp Increased heart rate,,Mankind Pharma Ltd,32,"https://onemg.gumlet.io/l_watermark_346,w_480,h_480/a_ignore,w_480,h_480,c_fit,q_auto,f_auto/hifiqtanuufm47lmqehp.jpg"
Acton-OR Tablet SR,Paracetamol (300mg) + Paracetamol (700mg),Pain relief Fever,No common side effects seen,,Apex Laboratories Pvt Ltd,23,"https://onemg.gumlet.io/l_watermark_346,w_480,h_480/a_ignore,w_480,h_480,c_fit,q_auto,f_auto/39e30c94-8c8c-4919-ad04-4956837dc152.jpeg"
Avamys Nasal Spray,Fluticasone Furoate (0.05% w/w),Treatment of Sneezing and runny nose due to allergies,Nasal inflammation Headache Nosebleeds Nasal ulceration Breathlessness,,Glaxo SmithKline Pharmaceuticals Ltd,49,"https://onemg.gumlet.io/l_watermark_346,w_480,h_480/a_ignore,w_480,h_480,c_fit,q_auto,f_auto/cropped/ag2u6xs4ngrpzyrxxgwg.jpg"
AB Phylline N Tablet,Acebrophylline (100mg) + Acetylcysteine (600mg),Treatment of Chronic obstructive pulmonary disease (COPD),Vomiting Heartburn Stomach pain Upset stomach Rash Hives Itching Breathing problems Nasal inflammation Increased white blood cell count,,Sun Pharmaceutical Industries Ltd,41,"https://onemg.gumlet.io/l_watermark_346,w_480,h_480/a_ignore,w_480,h_480,c_fit,q_auto,f_auto/vndxhd2yhnscgfodpzvv.jpg"
Acenac-P  Tablet,Aceclofenac (100mg) + Paracetamol (325mg),Pain relief,Nausea Vomiting Stomach pain epigastric pain Loss of appetite Heartburn Diarrhea,,Medley Pharmaceuticals,34,"https://onemg.gumlet.io/l_watermark_346,w_480,h_480/a_ignore,w_480,h_480,c_fit,q_auto,f_auto/yzd9gpvunwo5iug91gth.jpg"
Aldactone 50 Tablet,Spironolactone (50mg),Hypertension (high blood pressure) Edema Low potassium Heart failure,Nausea Vomiting Leg cramps Dizziness Drowsiness Confusion Breast enlargement in male Increased creatinine level in blood,,RPG Life Sciences Ltd,41,"https://onemg.gumlet.io/l_watermark_346,w_480,h_480/a_ignore,w_480,h_480,c_fit,q_auto,f_auto/cropped/jztj849rvk1e9dzewu1a.jpg"
Alerid Tablet,Cetirizine (10mg),Treatment of Allergic conditions,Sleepiness Fatigue Vomiting Dryness in mouth Headache Constipation,,Cipla Ltd,38,"https://onemg.gumlet.io/l_watermark_346,w_480,h_480/a_ignore,w_480,h_480,c_fit,q_auto,f_auto/cropped/ebql55l1cjgcgbjwl33e.jpg"
Aerocort Inhaler,Levosalbutamol (50mcg) + Beclometasone (50mcg),Asthma,Hoarseness of voice Headache Dizziness Pharyngitis Vomiting Bronchitis inflammation of the airways Dryness in mouth Cough Application site irritation Nausea Gastrointestinal motility disorder Thrush Throat irritation,,Cipla Ltd,51,"https://onemg.gumlet.io/l_watermark_346,w_480,h_480/a_ignore,w_480,h_480,c_fit,q_auto,f_auto/cropped/zz57ek6tsj8boa5kwj1q.jpg"
Acemiz-S Tablet,Aceclofenac (100mg) + Paracetamol (325mg) + Serratiopeptidase (15mg),Pain relief,Nausea Vomiting Stomach pain Indigestion Heartburn Loss of appetite Diarrhea,,Lupin Ltd,40,"https://onemg.gumlet.io/l_watermark_346,w_480,h_480/a_ignore,w_480,h_480,c_fit,q_auto,f_auto/cropped/rajey5dlkp8loidd9zl6.jpg"
Asthalin Respules,Salbutamol (2.5mg),Treatment of Chronic obstructive pulmonary disease (COPD)Treatment and prevention of Asthma,Tremors Headache Palpitations Increased heart rate Muscle cramp Respiratory tract inflammation Respiratory tract infection Cough,,Cipla Ltd,44,"https://onemg.gumlet.io/l_watermark_346,w_480,h_480/a_ignore,w_480,h_480,c_fit,q_auto,f_auto/2c79233f8c714af392f7f1f949d03174.jpg"